OrderID,Return
JP-2016-1048956,○
JP-2016-1049507,○
JP-2016-1064191,○
JP-2016-1070435,○
JP-2016-1078375,○
JP-2016-1170333,○
JP-2016-1199671,○
JP-2016-1213922,○
JP-2016-1237379,○
JP-2016-1333648,○
JP-2016-1391995,○
JP-2016-1428790,○
JP-2015-1432057,○
JP-2016-1432057,○
JP-2016-1439806,○
JP-2016-1442307,○
JP-2016-1444252,○
JP-2016-1449685,○
JP-2016-1478172,○
JP-2016-1488222,○
JP-2016-1495843,○
JP-2016-1569534,○
JP-2016-1578857,○
JP-2016-1582414,○
JP-2016-1680002,○
JP-2016-2049883,○
JP-2016-2146455,○
JP-2016-2304646,○
JP-2016-2368305,○
JP-2016-2445950,○
JP-2016-2452002,○
JP-2016-2454169,○
JP-2016-2485621,○
JP-2016-2489044,○
JP-2016-2501433,○
JP-2016-2571817,○
JP-2016-2851775,○
JP-2016-3136686,○
JP-2017-1009485,○
JP-2017-1012065,○
JP-2017-1036650,○
JP-2017-1039545,○
JP-2017-1064191,○
JP-2017-1074327,○
JP-2017-1090786,○
JP-2017-1095168,○
JP-2017-1106522,○
JP-2017-1118938,○
JP-2017-1155118,○
JP-2017-1174698,○
JP-2017-1178401,○
JP-2017-1181779,○
JP-2017-1207948,○
JP-2017-1213922,○
JP-2017-1218022,○
JP-2017-1231785,○
JP-2017-1243842,○
JP-2017-1244337,○
JP-2017-1304753,○
JP-2017-1309366,○
JP-2017-1319057,○
JP-2017-1326132,○
JP-2017-1348447,○
JP-2017-1385890,○
JP-2017-1430491,○
JP-2017-1432057,○
JP-2017-1477689,○
JP-2017-1506181,○
JP-2017-1564457,○
JP-2017-1656798,○
JP-2017-1752076,○
JP-2017-1755868,○
JP-2017-1791253,○
JP-2017-1920884,○
JP-2017-1934556,○
JP-2017-1959871,○
JP-2017-2017662,○
JP-2017-2158163,○
JP-2017-2306735,○
JP-2017-2454169,○
JP-2017-2501433,○
JP-2017-2580857,○
JP-2016-2600690,○
JP-2017-2600690,○
JP-2017-2629335,○
JP-2017-2705725,○
JP-2017-2811457,○
JP-2017-3399411,○
JP-2017-3896146,○
JP-2017-3973327,○
JP-2017-4273258,○
JP-2018-1001113,○
JP-2018-1002711,○
JP-2018-1044305,○
JP-2018-1066651,○
JP-2018-1069945,○
JP-2018-1080265,○
JP-2017-1080265,○
JP-2018-1091673,○
JP-2018-1104587,○
JP-2018-1111694,○
JP-2018-1119573,○
JP-2018-1133502,○
JP-2018-1210429,○
JP-2018-1222461,○
JP-2018-1224373,○
JP-2018-1231656,○
JP-2018-1237379,○
JP-2018-1267183,○
JP-2018-1276215,○
JP-2018-1316757,○
JP-2018-1324451,○
JP-2018-1335401,○
JP-2018-1385493,○
JP-2018-1391995,○
JP-2018-1398739,○
JP-2018-1407058,○
JP-2018-1460994,○
JP-2018-1466778,○
JP-2018-1475414,○
JP-2018-1478172,○
JP-2018-1587560,○
JP-2018-1592300,○
JP-2018-1592959,○
JP-2018-1614458,○
JP-2018-1615537,○
JP-2018-1634525,○
JP-2018-1657826,○
JP-2018-1665333,○
JP-2018-1673343,○
JP-2018-1721267,○
JP-2018-1752076,○
JP-2018-1799264,○
JP-2018-1822313,○
JP-2018-1951573,○
JP-2018-1959871,○
JP-2018-2057287,○
JP-2018-2233454,○
JP-2018-2269933,○
JP-2018-2312783,○
JP-2018-2453082,○
JP-2018-2522912,○
JP-2018-2549162,○
JP-2018-2580857,○
JP-2018-2626776,○
JP-2018-2633403,○
JP-2018-2762367,○
JP-2018-3210368,○
JP-2018-3347558,○
JP-2018-3464989,○
JP-2018-3521856,○
JP-2018-3676185,○
JP-2018-3892064,○
JP-2019-1001113,○
JP-2019-1012065,○
JP-2019-1016000,○
JP-2019-1036006,○
JP-2019-1044305,○
JP-2019-1046701,○
JP-2019-1047598,○
JP-2019-1056726,○
JP-2019-1057621,○
JP-2019-1061579,○
JP-2019-1075065,○
JP-2019-1081611,○
JP-2019-1091766,○
JP-2019-1095168,○
JP-2019-1123641,○
JP-2019-1126850,○
JP-2019-1142337,○
JP-2019-1169636,○
JP-2019-1173831,○
JP-2019-1191535,○
JP-2019-1192276,○
JP-2019-1223682,○
JP-2019-1226065,○
JP-2019-1231080,○
JP-2019-1244337,○
JP-2019-1267812,○
JP-2019-1286704,○
JP-2019-1300761,○
JP-2019-1319057,○
JP-2019-1322751,○
JP-2019-1327604,○
JP-2019-1328865,○
JP-2019-1333355,○
JP-2019-1375981,○
JP-2019-1426983,○
JP-2019-1439806,○
JP-2019-1460034,○
JP-2019-1466778,○
JP-2019-1473792,○
JP-2019-1506423,○
JP-2019-1525439,○
JP-2019-1618075,○
JP-2019-1642865,○
JP-2019-1674411,○
JP-2019-1732305,○
JP-2019-1741200,○
JP-2019-1744645,○
JP-2019-1747916,○
JP-2019-1763316,○
JP-2019-1775338,○
JP-2019-1782053,○
JP-2019-1867728,○
JP-2019-1904232,○
JP-2019-2016301,○
JP-2019-2025114,○
JP-2019-2075585,○
JP-2019-2093293,○
JP-2019-2105255,○
JP-2019-2157328,○
JP-2019-2342257,○
JP-2019-2447693,○
JP-2019-2571817,○
JP-2019-2580152,○
JP-2019-3399411,○
JP-2019-3521856,○
JP-2019-4273258,○
JP-2019-4319759,○
JP-2019-4600761,○